-- Final Project: MCST E-Library Laptop Borrowing System
-- Group 2 Members:
-- 1. Lacandazo, Neil Jay
-- 2. Pille, Jasmin
-- 3. Daclis, Celso
-- 4. Florida, Rea Lynne
-- 5. Agua, Michael

-- Create the database
CREATE DATABASE mcst_elibrary_laptop_borrowing_system;
-- Use the database
USE mcst_elibrary_laptop_borrowing_system;

-- Program Table
CREATE TABLE Program (
    Program_ID INT PRIMARY KEY AUTO_INCREMENT,
    Name VARCHAR(100)
);

-- Insert sample data into Program table
INSERT INTO Program (Name) VALUES
('Bachelor of Science in Information Technology'),
('Bachelor of Science in Computer Science'),
('Bachelor of Science in Computer Engineering'),
('Bachelor of Science in Electronics Engineering'),
('Bachelor of Science in Civil Engineering'),
('Bachelor of Science in Mechanical Engineering'),
('Bachelor of Science in Electrical Engineering'),
('Bachelor of Science in Accountancy'),
('Bachelor of Arts in Communication'),
('Bachelor of Arts in Psychology'),
('Bachelor of Arts in Business Administration'),
('Bachelor of Arts in Hospitality Management'),
('Bachelor of Arts in Tourism Management'),
('Bachelor of Arts in Criminology'),
('Bachelor of Arts in Education'),
('Bachelor of Arts in Fine Arts'),
('Bachelor of Arts in Music'),
('Bachelor of Arts in Theater Arts'),
('Bachelor of Arts in Dance'),
('Bachelor of Arts in Film and Media'),
('Bachelor of Science in Nursing'),
('Bachelor of Science in Pharmacy'),
('Bachelor of Science in Medical Technology'),
('Bachelor of Science in Biology'),
('Bachelor of Science in Chemistry'),
('Bachelor of Science in Physics'),
('Bachelor of Science in Mathematics'),
('Bachelor of Science in Statistics'),
('Bachelor of Science in Environmental Science'),
('Bachelor of Science in Geology'),
('Bachelor of Science in Architecture'),
('Bachelor of Science in Industrial Engineering'),
('Bachelor of Science in Software Engineering'),
('Bachelor of Science in Data Science'),
('Bachelor of Science in Cybersecurity'),
('Bachelor of Science in Artificial Intelligence'),
('Bachelor of Science in Robotics'),
('Bachelor of Science in Astronomy'),
('Bachelor of Science in Marine Biology'),
('Bachelor of Science in Agriculture'),
('Bachelor of Science in Forestry'),
('Bachelor of Science in Veterinary Medicine'),
('Bachelor of Science in Fisheries'),
('Bachelor of Science in Food Technology'),
('Bachelor of Science in Nutrition and Dietetics'),
('Bachelor of Science in Physical Therapy'),
('Bachelor of Science in Occupational Therapy'),
('Bachelor of Science in Radiologic Technology'),
('Bachelor of Science in Respiratory Therapy'),
('Bachelor of Science in Social Work'),
('Bachelor of Science in Public Administration');

-- Student Table
CREATE TABLE Student (
    Library_ID VARCHAR(15) PRIMARY KEY,
    Name VARCHAR(100) NOT NULL,
    Program_ID INT,
    FOREIGN KEY(Program_ID) REFERENCES Program(Program_ID)
);

-- Insert sample data into Student table
INSERT INTO Student (Library_ID, Name, Program_ID) VALUES
('S001', 'John Doe', 1),
('S002', 'Jane Smith', 2),
('S003', 'Michael Johnson', 3),
('S004', 'Emily Davis', 4),
('S005', 'Daniel Brown', 5),
('S006', 'Sophia Wilson', 6),
('S007', 'James Martinez', 7),
('S008', 'Olivia Anderson', 8),
('S009', 'William Thomas', 9),
('S010', 'Emma White', 10),
('S011', 'Benjamin Harris', 11),
('S012', 'Ava Clark', 12),
('S013', 'Alexander Lewis', 13),
('S014', 'Mia Walker', 14),
('S015', 'Ethan Hall', 15),
('S016', 'Charlotte Young', 16),
('S017', 'Mason Allen', 17),
('S018', 'Amelia Scott', 18),
('S019', 'Logan Wright', 19),
('S020', 'Harper King', 20),
('S021', 'Lucas Green', 21),
('S022', 'Ella Baker', 22),
('S023', 'Jacob Adams', 23),
('S024', 'Scarlett Nelson', 24),
('S025', 'Michael Carter', 25),
('S026', 'Penelope Mitchell', 26),
('S027', 'Henry Perez', 27),
('S028', 'Aria Roberts', 28),
('S029', 'Sebastian Rivera', 29),
('S030', 'Chloe Carter', 30),
('S031', 'Jack Torres', 31),
('S032', 'Grace Ramirez', 32),
('S033', 'Lucas Gomez', 33),
('S034', 'Avery Phillips', 34),
('S035', 'Elijah Hernandez', 35),
('S036', 'Layla Campbell', 36),
('S037', 'Liam Parker', 37),
('S038', 'Zoe Evans', 38),
('S039', 'Nathan Edwards', 39),
('S040', 'Lillian Collins', 40),
('S041', 'Dylan Stewart', 41),
('S042', 'Hannah Morris', 42),
('S043', 'Caleb Rogers', 43),
('S044', 'Sofia Reed', 44),
('S045', 'Gabriel Cook', 45),
('S046', 'Aurora Bell', 46),
('S047', 'Julian Murphy', 47),
('S048', 'Stella Cooper', 48),
('S049', 'Cameron Bailey', 49),
('S050', 'Madison Foster', 50);

-- Laptop Table
CREATE TABLE Laptop (
    Laptop_ID INT PRIMARY KEY AUTO_INCREMENT,
    Serial_Number VARCHAR(50) UNIQUE NOT NULL,
    Brand VARCHAR(50),
    Model VARCHAR(50),
    IP_Address VARCHAR(15) UNIQUE NOT NULL,
    Status ENUM('Available', 'Borrowed', 'Under Maintenance') NOT NULL DEFAULT 'Available',
    CHECK (Status IN ('Available', 'Borrowed', 'Under Maintenance'))
);

-- Insert sample data into Laptop table
INSERT INTO Laptop (Serial_Number, Brand, Model, IP_Address, Status) VALUES
('SN1001', 'Dell', 'Latitude 5420', '192.168.1.2', 'Available'),
('SN1002', 'HP', 'EliteBook 840 G7', '192.168.1.3', 'Borrowed'),
('SN1003', 'Lenovo', 'ThinkPad T14', '192.168.1.4', 'Available'),
('SN1004', 'Acer', 'Aspire 5', '192.168.1.5', 'Under Maintenance'),
('SN1005', 'Asus', 'ZenBook 14', '192.168.1.6', 'Available'),
('SN1006', 'Apple', 'MacBook Air M1', '192.168.1.7', 'Borrowed'),
('SN1007', 'Microsoft', 'Surface Laptop 4', '192.168.1.8', 'Available'),
('SN1008', 'Razer', 'Blade 15', '192.168.1.9', 'Available'),
('SN1009', 'MSI', 'GF63 Thin', '192.168.1.10', 'Available'),
('SN1010', 'Samsung', 'Galaxy Book Pro', '192.168.1.11', 'Borrowed'),
('SN1011', 'Dell', 'XPS 13', '192.168.1.12', 'Available'),
('SN1012', 'HP', 'Spectre x360', '192.168.1.13', 'Available'),
('SN1013', 'Lenovo', 'Yoga 7i', '192.168.1.14', 'Under Maintenance'),
('SN1014', 'Acer', 'Swift 3', '192.168.1.15', 'Available'),
('SN1015', 'Asus', 'ROG Zephyrus G14', '192.168.1.16', 'Borrowed'),
('SN1016', 'Apple', 'MacBook Pro M2', '192.168.1.17', 'Available'),
('SN1017', 'Microsoft', 'Surface Book 3', '192.168.1.18', 'Available'),
('SN1018', 'Razer', 'Blade Stealth 13', '192.168.1.19', 'Under Maintenance'),
('SN1019', 'MSI', 'Prestige 14', '192.168.1.20', 'Available'),
('SN1020', 'Samsung', 'Galaxy Book Flex', '192.168.1.21', 'Available'),
('SN1021', 'Dell', 'Inspiron 15', '192.168.1.22', 'Available'),
('SN1022', 'HP', 'Pavilion 14', '192.168.1.23', 'Borrowed'),
('SN1023', 'Lenovo', 'IdeaPad 5', '192.168.1.24', 'Available'),
('SN1024', 'Acer', 'Nitro 5', '192.168.1.25', 'Available'),
('SN1025', 'Asus', 'VivoBook 15', '192.168.1.26', 'Under Maintenance'),
('SN1026', 'Apple', 'MacBook Air M2', '192.168.1.27', 'Available'),
('SN1027', 'Microsoft', 'Surface Go 3', '192.168.1.28', 'Borrowed'),
('SN1028', 'Razer', 'Blade 17', '192.168.1.29', 'Available'),
('SN1029', 'MSI', 'Modern 14', '192.168.1.30', 'Available'),
('SN1030', 'Samsung', 'Galaxy Chromebook', '192.168.1.31', 'Under Maintenance'),
('SN1031', 'Dell', 'Alienware m15', '192.168.1.32', 'Available'),
('SN1032', 'HP', 'Omen 15', '192.168.1.33', 'Available'),
('SN1033', 'Lenovo', 'Legion 5', '192.168.1.34', 'Available'),
('SN1034', 'Acer', 'Predator Helios 300', '192.168.1.35', 'Available'),
('SN1035', 'Asus', 'TUF Gaming A15', '192.168.1.36', 'Borrowed'),
('SN1036', 'Apple', 'MacBook Pro 16', '192.168.1.37', 'Available'),
('SN1037', 'Microsoft', 'Surface Laptop Studio', '192.168.1.38', 'Available'),
('SN1038', 'Razer', 'Blade Advanced', '192.168.1.39', 'Under Maintenance'),
('SN1039', 'MSI', 'Stealth 15M', '192.168.1.40', 'Available'),
('SN1040', 'Samsung', 'Notebook 9', '192.168.1.41', 'Available'),
('SN1041', 'Dell', 'Latitude 7410', '192.168.1.42', 'Available'),
('SN1042', 'HP', 'ZBook Firefly', '192.168.1.43', 'Borrowed'),
('SN1043', 'Lenovo', 'ThinkPad X1 Carbon', '192.168.1.44', 'Available'),
('SN1044', 'Acer', 'ConceptD 7', '192.168.1.45', 'Available'),
('SN1045', 'Asus', 'ProArt Studiobook', '192.168.1.46', 'Under Maintenance'),
('SN1046', 'Apple', 'MacBook Air Retina', '192.168.1.47', 'Available'),
('SN1047', 'Microsoft', 'Surface Pro 8', '192.168.1.48', 'Borrowed'),
('SN1048', 'Razer', 'Blade Base Model', '192.168.1.49', 'Available'),
('SN1049', 'MSI', 'Bravo 15', '192.168.1.50', 'Available'),
('SN1050', 'Toshiba', 'Dynabook R73', '192.168.1.51', 'Available');

-- Staff Table
CREATE TABLE Staff (
    Staff_ID INT PRIMARY KEY AUTO_INCREMENT,
    Name VARCHAR(50) NOT NULL,
    Position ENUM('Librarian', 'Administrative Officer IV', 'Information Officer II') NOT NULL
);

-- Insert sample data into Staff table
INSERT INTO Staff (Name, Position) VALUES
('John Doe', 'Librarian'),
('Jane Smith', 'Administrative Officer IV'),
('Michael Johnson', 'Information Officer II'),
('Emily Davis', 'Librarian'),
('Robert Brown', 'Information Officer II'),
('Jessica Wilson', 'Administrative Officer IV'),
('William Martinez', 'Librarian'),
('Sophia Anderson', 'Administrative Officer IV'),
('Daniel Thomas', 'Information Officer II'),
('Olivia Taylor', 'Librarian'),
('James Hernandez', 'Information Officer II'),
('Emma Moore', 'Administrative Officer IV'),
('Benjamin Clark', 'Librarian'),
('Mia Rodriguez', 'Administrative Officer IV'),
('Alexander Lewis', 'Information Officer II'),
('Charlotte Walker', 'Librarian'),
('Ethan Hall', 'Administrative Officer IV'),
('Amelia Allen', 'Information Officer II'),
('Mason Young', 'Librarian'),
('Harper King', 'Administrative Officer IV'),
('Logan Wright', 'Information Officer II'),
('Abigail Scott', 'Librarian'),
('Lucas Green', 'Administrative Officer IV'),
('Ella Adams', 'Information Officer II'),
('Jackson Baker', 'Librarian'),
('Avery Nelson', 'Administrative Officer IV'),
('Sebastian Carter', 'Information Officer II'),
('Madison Mitchell', 'Librarian'),
('Henry Perez', 'Administrative Officer IV'),
('Scarlett Roberts', 'Information Officer II'),
('Liam Campbell', 'Librarian'),
('Grace Edwards', 'Administrative Officer IV'),
('Noah Rivera', 'Information Officer II'),
('Zoe Flores', 'Librarian'),
('Elijah Morris', 'Administrative Officer IV'),
('Lily Stewart', 'Information Officer II'),
('Gabriel Sanchez', 'Librarian'),
('Aria Nguyen', 'Administrative Officer IV'),
('Samuel Cooper', 'Information Officer II'),
('Hannah Murphy', 'Librarian'),
('David Bryant', 'Administrative Officer IV'),
('Victoria Cox', 'Information Officer II'),
('Joseph Diaz', 'Librarian'),
('Penelope Howard', 'Administrative Officer IV'),
('Matthew Ward', 'Information Officer II'),
('Chloe Torres', 'Librarian'),
('Ryan Peterson', 'Administrative Officer IV'),
('Natalie Gray', 'Information Officer II'),
('Andrew Ramirez', 'Librarian'),
('Brooklyn James', 'Administrative Officer IV');

-- Loan Table (Now tracks which staff processed it)
CREATE TABLE Loan (
    Loan_ID INT PRIMARY KEY AUTO_INCREMENT,
    Library_ID VARCHAR(15) NOT NULL,
    Laptop_ID INT NOT NULL,
    Staff_ID INT NULL,
    Borrow_Date DATETIME DEFAULT CURRENT_TIMESTAMP,
    Due_Date DATETIME NOT NULL,
    Return_Date DATETIME NOT NULL,
    Status ENUM('Borrowed', 'Returned', 'Overdue') NOT NULL DEFAULT 'Borrowed',
    FOREIGN KEY (Library_ID) REFERENCES Student(Library_ID) ON DELETE CASCADE,
    FOREIGN KEY (Laptop_ID) REFERENCES Laptop(Laptop_ID) ON DELETE CASCADE,
    FOREIGN KEY (Staff_ID) REFERENCES Staff(Staff_ID) ON DELETE SET NULL,
    CHECK (Status IN ('Borrowed', 'Returned', 'Overdue'))
);

-- Insert sample data into Loan table
INSERT INTO Loan (Library_ID, Laptop_ID, Staff_ID, Borrow_Date, Due_Date, Return_Date, Status) VALUES
('S001', 1, 3, '2024-03-01 09:00:00', '2024-03-01 10:30:00', '2024-03-01 09:45:00', 'Returned'),
('S002', 2, 5, '2024-03-02 10:30:00', '2024-03-02 12:00:00', '2024-03-02 12:45:00', 'Overdue'),
('S003', 3, NULL, '2024-03-03 14:45:00', '2024-03-03 16:15:00', '2024-03-03 16:00:00', 'Returned'),
('S004', 4, 2, '2024-03-04 08:00:00', '2024-03-04 09:30:00', '2024-03-04 08:50:00', 'Returned'),
('S005', 5, 6, '2024-03-05 11:15:00', '2024-03-05 12:45:00', '2024-03-05 12:30:00', 'Returned'),
('S006', 6, 4, '2024-03-06 13:30:00', '2024-03-06 15:00:00', '2024-03-06 14:45:00', 'Returned'),
('S007', 7, 1, '2024-03-07 15:00:00', '2024-03-07 16:30:00', '2024-03-07 15:30:00', 'Returned'),
('S008', 8, NULL, '2024-03-08 13:45:00', '2024-03-08 15:15:00', '2024-03-08 16:00:00', 'Overdue'),
('S009', 9, 3, '2024-03-09 10:00:00', '2024-03-09 11:30:00', '2024-03-09 11:15:00', 'Returned'),
('S010', 10, 7, '2024-03-10 12:30:00', '2024-03-10 14:00:00', '2024-03-10 13:15:00', 'Returned'),
('S011', 11, 8, '2024-03-11 14:00:00', '2024-03-11 15:30:00', '2024-03-11 15:15:00', 'Returned'),
('S012', 12, NULL, '2024-03-12 09:30:00', '2024-03-12 11:00:00', '2024-03-12 10:15:00', 'Returned'),
('S013', 13, 9, '2024-03-13 11:45:00', '2024-03-13 13:15:00', '2024-03-13 13:00:00', 'Returned'),
('S014', 14, 10, '2024-03-14 08:30:00', '2024-03-14 10:00:00', '2024-03-14 09:45:00', 'Returned'),
('S015', 15, 5, '2024-03-15 10:00:00', '2024-03-15 11:30:00', '2024-03-15 10:45:00', 'Returned'),
('S016', 16, 7, '2024-03-16 13:15:00', '2024-03-16 14:45:00', '2024-03-16 14:30:00', 'Returned'),
('S017', 17, NULL, '2024-03-17 14:45:00', '2024-03-17 16:15:00', '2024-03-17 17:00:00', 'Overdue'),
('S018', 18, 2, '2024-03-18 09:00:00', '2024-03-18 10:30:00', '2024-03-18 10:15:00', 'Returned'),
('S019', 19, 4, '2024-03-19 11:30:00', '2024-03-19 13:00:00', '2024-03-19 12:15:00', 'Returned'),
('S020', 20, 1, '2024-03-20 14:45:00', '2024-03-20 16:15:00', '2024-03-20 16:00:00', 'Returned'),
('S021', 21, 6, '2024-03-21 08:15:00', '2024-03-21 09:45:00', '2024-03-21 09:30:00', 'Returned'),
('S022', 22, 3, '2024-03-22 12:00:00', '2024-03-22 13:30:00', '2024-03-22 12:45:00', 'Returned'),
('S023', 23, NULL, '2024-03-23 10:30:00', '2024-03-23 12:00:00', '2024-03-23 11:45:00', 'Returned'),
('S024', 24, 8, '2024-03-24 14:00:00', '2024-03-24 15:30:00', '2024-03-24 15:15:00', 'Returned'),
('S025', 25, 10, '2024-03-25 08:45:00', '2024-03-25 10:15:00', '2024-03-25 12:00:00', 'Overdue'),
('S026', 26, 9, '2024-03-26 09:30:00', '2024-03-26 11:00:00', '2024-03-26 10:15:00', 'Returned'),
('S027', 27, 7, '2024-03-27 12:15:00', '2024-03-27 13:45:00', '2024-03-27 13:30:00', 'Returned'),
('S028', 28, 5, '2024-03-28 08:45:00', '2024-03-28 10:15:00', '2024-03-28 10:00:00', 'Returned'),
('S029', 29, NULL, '2024-03-29 10:00:00', '2024-03-29 11:30:00', '2024-03-29 11:15:00', 'Returned'),
('S030', 30, 6, '2024-03-30 14:30:00', '2024-03-30 16:00:00', '2024-03-30 15:15:00', 'Returned'),
('S031', 31, 1, '2024-04-01 08:00:00', '2024-04-01 09:30:00', '2024-04-01 09:15:00', 'Returned'),
('S032', 32, 3, '2024-04-02 12:45:00', '2024-04-02 14:15:00', '2024-04-02 14:00:00', 'Returned'),
('S033', 33, 4, '2024-04-03 09:15:00', '2024-04-03 10:45:00', '2024-04-03 10:30:00', 'Returned'),
('S034', 34, NULL, '2024-04-04 15:30:00', '2024-04-04 17:00:00', '2024-04-04 16:15:00', 'Returned'),
('S035', 35, 8, '2024-04-05 11:45:00', '2024-04-05 13:15:00', '2024-04-05 13:00:00', 'Returned'),
('S036', 36, 7, '2024-04-06 13:00:00', '2024-04-06 14:30:00', '2024-04-06 14:15:00', 'Returned'),
('S037', 37, 9, '2024-04-07 08:30:00', '2024-04-07 10:00:00', '2024-04-07 09:45:00', 'Returned'),
('S038', 38, 10, '2024-04-08 10:45:00', '2024-04-08 12:15:00', '2024-04-08 11:30:00', 'Returned'),
('S039', 39, NULL, '2024-04-09 14:15:00', '2024-04-09 15:45:00', '2024-04-09 15:30:00', 'Returned'),
('S040', 40, 2, '2024-04-10 09:45:00', '2024-04-10 11:15:00', '2024-04-10 11:00:00', 'Returned'),
('S041', 41, 5, '2024-04-11 12:30:00', '2024-04-11 14:00:00', '2024-04-11 13:45:00', 'Returned'),
('S042', 42, 7, '2024-04-12 15:00:00', '2024-04-12 16:30:00', '2024-04-12 15:45:00', 'Returned'),
('S043', 43, NULL, '2024-04-13 08:45:00', '2024-04-13 10:15:00', '2024-04-13 10:00:00', 'Returned'),
('S044', 44, 3, '2024-04-14 10:00:00', '2024-04-14 11:30:00', '2024-04-14 11:15:00', 'Returned'),
('S045', 45, 8, '2024-04-15 14:15:00', '2024-04-15 15:45:00', '2024-04-15 15:00:00', 'Returned'),
('S046', 46, 10, '2024-04-16 11:30:00', '2024-04-16 13:00:00', '2024-04-16 12:45:00', 'Returned'),
('S047', 47, NULL, '2024-04-17 11:00:00', '2024-04-17 12:30:00', '2024-04-17 14:15:00', 'Overdue'),
('S048', 48, 9, '2024-04-18 09:00:00', '2024-04-18 10:30:00', '2024-04-18 09:45:00', 'Returned'),
('S049', 49, 6, '2024-04-19 13:45:00', '2024-04-19 15:15:00', '2024-04-19 15:00:00', 'Returned'),
('S050', 50, 4, '2024-04-20 15:30:00', '2024-04-20 17:00:00', '2024-04-20 16:45:00', 'Returned');

-- Technician Table
CREATE TABLE Technician (
    Technician_ID INT PRIMARY KEY AUTO_INCREMENT,
    Name VARCHAR(50) NOT NULL,
    Position ENUM('Technician', 'IT Support') NOT NULL
);

-- Insert sample data into Technician table
INSERT INTO Technician (Name, Position) VALUES
('John Doe', 'Technician'),
('Jane Smith', 'IT Support'),
('Michael Johnson', 'Technician'),
('Emily Davis', 'IT Support'),
('Robert Brown', 'Technician'),
('Jessica Wilson', 'IT Support'),
('William Martinez', 'Technician'),
('Sophia Anderson', 'IT Support'),
('Daniel Thomas', 'Technician'),
('Olivia Taylor', 'IT Support'),
('James Hernandez', 'Technician'),
('Emma Moore', 'IT Support'),
('Benjamin Clark', 'Technician'),
('Mia Rodriguez', 'IT Support'),
('Alexander Lewis', 'Technician'),
('Charlotte Walker', 'IT Support'),
('Ethan Hall', 'Technician'),
('Amelia Allen', 'IT Support'),
('Mason Young', 'Technician'),
('Harper King', 'IT Support'),
('Logan Wright', 'Technician'),
('Abigail Scott', 'IT Support'),
('Lucas Green', 'Technician'),
('Ella Adams', 'IT Support'),
('Jackson Baker', 'Technician'),
('Avery Nelson', 'IT Support'),
('Sebastian Carter', 'Technician'),
('Madison Mitchell', 'IT Support'),
('Henry Perez', 'Technician'),
('Scarlett Roberts', 'IT Support'),
('Liam Campbell', 'Technician'),
('Grace Edwards', 'IT Support'),
('Noah Rivera', 'Technician'),
('Zoe Flores', 'IT Support'),
('Elijah Morris', 'Technician'),
('Lily Stewart', 'IT Support'),
('Gabriel Sanchez', 'Technician'),
('Aria Nguyen', 'IT Support'),
('Samuel Cooper', 'Technician'),
('Hannah Murphy', 'IT Support'),
('David Bryant', 'Technician'),
('Victoria Cox', 'IT Support'),
('Joseph Diaz', 'Technician'),
('Penelope Howard', 'IT Support'),
('Matthew Ward', 'Technician'),
('Chloe Torres', 'IT Support'),
('Ryan Peterson', 'Technician'),
('Natalie Gray', 'IT Support'),
('Andrew Ramirez', 'Technician'),
('Brooklyn James', 'IT Support');

-- Laptop Maintenance Table (Now includes maintenance notes)
CREATE TABLE Laptop_Maintenance (
    Maintenance_ID INT PRIMARY KEY AUTO_INCREMENT,
    Laptop_ID INT NOT NULL,
    Technician_ID INT NULL,
    Maintenance_Type ENUM('Software Update', 'Hardware Repair') NOT NULL,
    Maintenance_Date DATETIME DEFAULT CURRENT_TIMESTAMP,
    Status ENUM('Pending', 'Completed') NOT NULL DEFAULT 'Pending',
    Maintenance_Notes TEXT NULL,
    FOREIGN KEY (Laptop_ID) REFERENCES Laptop(Laptop_ID) ON DELETE CASCADE,
    FOREIGN KEY (Technician_ID) REFERENCES Technician(Technician_ID) ON DELETE SET NULL,
    CHECK (Status IN ('Pending', 'Completed'))
);

-- Insert sample data into Laptop Maintenance table
INSERT INTO Laptop_Maintenance (Laptop_ID, Technician_ID, Maintenance_Type, Maintenance_Date, Status, Maintenance_Notes) VALUES
(1, 5, 'Software Update', '2024-03-01 10:00:00', 'Completed', 'Updated antivirus and OS patches.'),
(2, 7, 'Hardware Repair', '2024-03-02 14:30:00', 'Completed', 'Replaced faulty keyboard.'),
(3, 6, 'Software Update', '2024-03-05 09:15:00', 'Pending', 'Scheduled update for next reboot.'),
(4, NULL, 'Hardware Repair', '2024-03-06 11:45:00', 'Pending', 'Screen replacement requested.'),
(5, 9, 'Software Update', '2024-03-08 13:00:00', 'Completed', 'Updated drivers and security patches.'),
(6, 8, 'Hardware Repair', '2024-03-10 15:20:00', 'Completed', 'Battery replacement done.'),
(7, 5, 'Software Update', '2024-03-12 08:30:00', 'Pending', 'Update scheduled for next maintenance session.'),
(8, 6, 'Hardware Repair', '2024-03-13 16:45:00', 'Completed', 'Fixed overheating issue.'),
(9, NULL, 'Software Update', '2024-03-15 12:00:00', 'Pending', 'Waiting for admin approval.'),
(10, 10, 'Hardware Repair', '2024-03-17 14:00:00', 'Completed', 'Replaced malfunctioning hard drive.'),
(11, 7, 'Software Update', '2024-03-18 09:45:00', 'Completed', 'Installed new security updates.'),
(12, 6, 'Hardware Repair', '2024-03-20 11:30:00', 'Pending', 'Wi-Fi module needs replacement.'),
(13, 9, 'Software Update', '2024-03-22 10:10:00', 'Completed', 'Office suite updated.'),
(14, 8, 'Hardware Repair', '2024-03-24 13:25:00', 'Completed', 'Repaired charging port.'),
(15, NULL, 'Software Update', '2024-03-26 15:45:00', 'Pending', 'System update pending reboot.'),
(16, 5, 'Hardware Repair', '2024-03-27 16:30:00', 'Completed', 'Fixed power button issue.'),
(17, 7, 'Software Update', '2024-03-28 09:20:00', 'Completed', 'Updated BIOS firmware.'),
(18, 10, 'Hardware Repair', '2024-03-29 14:10:00', 'Pending', 'Laptop screen has flickering issue.'),
(19, 6, 'Software Update', '2024-03-30 10:50:00', 'Completed', 'Installed new security patches.'),
(20, 9, 'Hardware Repair', '2024-04-01 13:35:00', 'Completed', 'Replaced broken USB port.'),
(21, 8, 'Software Update', '2024-04-03 09:40:00', 'Pending', 'Scheduled maintenance for system optimization.'),
(22, NULL, 'Hardware Repair', '2024-04-04 11:55:00', 'Completed', 'Replaced malfunctioning RAM module.'),
(23, 5, 'Software Update', '2024-04-06 15:20:00', 'Completed', 'Updated system drivers.'),
(24, 7, 'Hardware Repair', '2024-04-08 12:45:00', 'Completed', 'Fixed overheating issue.'),
(25, 10, 'Software Update', '2024-04-09 08:30:00', 'Pending', 'Pending software optimization.'),
(26, 6, 'Hardware Repair', '2024-04-10 14:00:00', 'Completed', 'Fixed touchpad issue.'),
(27, 9, 'Software Update', '2024-04-12 10:20:00', 'Completed', 'OS update completed successfully.'),
(28, 8, 'Hardware Repair', '2024-04-14 13:55:00', 'Pending', 'Battery needs replacement.'),
(29, 5, 'Software Update', '2024-04-16 09:35:00', 'Completed', 'Security updates applied.'),
(30, NULL, 'Hardware Repair', '2024-04-17 15:15:00', 'Completed', 'Replaced damaged power cord.'),
(31, 7, 'Software Update', '2024-04-19 11:20:00', 'Completed', 'New antivirus installed.'),
(32, 10, 'Hardware Repair', '2024-04-21 12:40:00', 'Pending', 'Laptop motherboard issue reported.'),
(33, 6, 'Software Update', '2024-04-22 14:30:00', 'Completed', 'Updated productivity tools.'),
(34, 9, 'Hardware Repair', '2024-04-24 09:50:00', 'Completed', 'Fixed screen flickering issue.'),
(35, 8, 'Software Update', '2024-04-25 13:15:00', 'Pending', 'Pending antivirus update.'),
(36, 5, 'Hardware Repair', '2024-04-27 15:40:00', 'Completed', 'Fixed loose keyboard keys.'),
(37, 7, 'Software Update', '2024-04-28 10:25:00', 'Completed', 'Optimized system performance.'),
(38, 10, 'Hardware Repair', '2024-04-30 14:55:00', 'Pending', 'Reported Wi-Fi adapter failure.'),
(39, 6, 'Software Update', '2024-05-01 12:10:00', 'Completed', 'Installed cloud backup software.'),
(40, NULL, 'Hardware Repair', '2024-05-02 09:35:00', 'Completed', 'Fixed USB port connectivity issue.'),
(41, 9, 'Software Update', '2024-05-04 14:20:00', 'Completed', 'Scheduled auto-updates enabled.'),
(42, 8, 'Hardware Repair', '2024-05-06 10:45:00', 'Pending', 'Laptop not charging properly.'),
(43, 5, 'Software Update', '2024-05-08 15:30:00', 'Completed', 'Installed performance monitoring tools.'),
(44, 7, 'Hardware Repair', '2024-05-09 11:00:00', 'Completed', 'Repaired loose display hinges.'),
(45, 10, 'Software Update', '2024-05-11 12:50:00', 'Pending', 'Next OS upgrade scheduled.'),
(46, 6, 'Hardware Repair', '2024-05-13 14:15:00', 'Completed', 'Replaced damaged keyboard keys.'),
(47, 9, 'Software Update', '2024-05-15 09:25:00', 'Completed', 'Updated system firewall settings.'),
(48, 8, 'Hardware Repair', '2024-05-17 13:50:00', 'Pending', 'Pending assessment for hardware failure.'),
(49, 5, 'Software Update', '2024-05-19 10:40:00', 'Completed', 'Installed new battery optimization software.'),
(50, NULL, 'Hardware Repair', '2024-05-20 15:55:00', 'Completed', 'Replaced broken power button.');